[{"line":1,"elements":[{"start_timestamp":"2024-06-06T07:03:42.474Z","before":[{"result":{"duration":22242500,"status":"passed"},"match":{"location":"com.stepdefinition.org.SignupStep1.beforeHooks(io.cucumber.java.Scenario)"}}],"line":23,"name":"Signup with valid credentials","description":"","id":"verifying-the-booking-functionality-of-an-spicejet-application;signup-with-valid-credentials;;2","after":[{"result":{"duration":248708900,"status":"passed"},"match":{"location":"com.stepdefinition.org.SignupStep1.afterHooks(io.cucumber.java.Scenario)"}}],"type":"scenario","keyword":"Scenario Outline","steps":[{"result":{"duration":3117090700,"status":"passed"},"line":5,"name":"user must launch the url","match":{"location":"com.stepdefinition.org.SignupStep1.user_must_launch_the_url()"},"keyword":"Given "},{"result":{"duration":83071200,"status":"passed"},"line":6,"name":"user click the signup button for valid","match":{"location":"com.stepdefinition.org.SignupStep1.user_click_the_signup_button_for_valid()"},"keyword":"When "},{"result":{"duration":2193235700,"status":"passed"},"line":7,"name":"user navigate to the signup page for valid","match":{"location":"com.stepdefinition.org.SignupStep1.user_navigate_to_the_signup_page_for_valid()"},"keyword":"And "},{"result":{"duration":95848600,"status":"passed"},"line":8,"name":"user enter the valid \"Mr\" in the title field","match":{"arguments":[{"val":"\"Mr\"","offset":21}],"location":"com.stepdefinition.org.SignupStep1.user_enter_the_valid_in_the_title_field(java.lang.String)"},"keyword":"And "},{"result":{"duration":69615700,"status":"passed"},"line":9,"name":"user enter the valid \"Mos\" in the firstname field","match":{"arguments":[{"val":"\"Mos\"","offset":21}],"location":"com.stepdefinition.org.SignupStep1.user_enter_the_valid_in_the_firstname_field(java.lang.String)"},"keyword":"And "},{"result":{"duration":46263700,"status":"passed"},"line":10,"name":"user enter the valid \"P\" in the lastname field","match":{"arguments":[{"val":"\"P\"","offset":21}],"location":"com.stepdefinition.org.SignupStep1.user_enter_the_valid_in_the_lastname_field(java.lang.String)"},"keyword":"And "},{"result":{"duration":81245700,"status":"passed"},"line":11,"name":"user select the valid \"New Zealand\"","match":{"arguments":[{"val":"\"New Zealand\"","offset":22}],"location":"com.stepdefinition.org.SignupStep1.user_select_the_valid(java.lang.String)"},"keyword":"And "},{"result":{"duration":1331514400,"status":"passed"},"line":12,"name":"user select the valid  dateofbirth in the calendar field","match":{"location":"com.stepdefinition.org.SignupStep1.user_select_the_valid_dateofbirth_in_the_calendar_field()"},"keyword":"And "},{"result":{"duration":1091769800,"status":"passed"},"line":13,"name":"user enter the valid \"7896541301\" in the phone number field","match":{"arguments":[{"val":"\"7896541301\"","offset":21}],"location":"com.stepdefinition.org.SignupStep1.user_enter_the_valid_in_the_phone_number_field(java.lang.String)"},"keyword":"And "},{"result":{"duration":1253904600,"status":"passed"},"line":14,"name":"user enter the valid \"moses94@gmail.com\" in the email field","match":{"arguments":[{"val":"\"moses94@gmail.com\"","offset":21}],"location":"com.stepdefinition.org.SignupStep1.user_enter_the_valid_in_the_email_field(java.lang.String)"},"keyword":"And "},{"result":{"duration":4161143200,"status":"passed"},"line":15,"name":"user enter the valid \"SpiceJet@123$\" in the password field","match":{"arguments":[{"val":"\"SpiceJet@123$\"","offset":21}],"location":"com.stepdefinition.org.SignupStep1.user_enter_the_valid_in_the_password_field(java.lang.String)"},"keyword":"And "},{"result":{"duration":3139579100,"status":"passed"},"line":16,"name":"user enter the valid \"SpiceJet@123$\" in the confirmpassword field","match":{"arguments":[{"val":"\"SpiceJet@123$\"","offset":21}],"location":"com.stepdefinition.org.SignupStep1.user_enter_the_valid_in_the_confirmpassword_field(java.lang.String)"},"keyword":"And "},{"result":{"duration":2103240000,"status":"passed"},"line":17,"name":"user click the iagree and submit button for valid","match":{"location":"com.stepdefinition.org.SignupStep1.user_click_the_iagree_and_submit_button_for_valid()"},"keyword":"And "},{"result":{"duration":12567300,"status":"passed"},"line":18,"name":"user verify the OTP","match":{"location":"com.stepdefinition.org.SignupStep1.user_verify_the_otp()"},"keyword":"And "},{"result":{"duration":2104856700,"status":"passed"},"line":19,"name":"user switch back to parent window for valid","match":{"location":"com.stepdefinition.org.SignupStep1.user_switch_back_to_parent_window_for_valid()"},"keyword":"Then "}]},{"start_timestamp":"2024-06-06T07:04:03.659Z","before":[{"result":{"duration":1003000,"status":"passed"},"match":{"location":"com.stepdefinition.org.SignupStep1.beforeHooks(io.cucumber.java.Scenario)"}}],"line":45,"name":"Signup with invalid password characters","description":"","id":"verifying-the-booking-functionality-of-an-spicejet-application;signup-with-invalid-password-characters;;2","after":[{"result":{"duration":267577000,"status":"passed"},"match":{"location":"com.stepdefinition.org.SignupStep1.afterHooks(io.cucumber.java.Scenario)"}}],"type":"scenario","keyword":"Scenario Outline","steps":[{"result":{"duration":1756166500,"status":"passed"},"line":27,"name":"user must launch the url","match":{"location":"com.stepdefinition.org.SignupStep1.user_must_launch_the_url()"},"keyword":"Given "},{"result":{"duration":138796300,"status":"passed"},"line":28,"name":"user click the signup button for invalid","match":{"location":"com.stepdefinition.org.SignupStep1.user_click_the_signup_button_for_invalid()"},"keyword":"When "},{"result":{"duration":2165401900,"status":"passed"},"line":29,"name":"user navigate to the signup page for invalid","match":{"location":"com.stepdefinition.org.SignupStep1.user_navigate_to_the_signup_page_for_invalid()"},"keyword":"And "},{"result":{"duration":74026200,"status":"passed"},"line":30,"name":"user enter the \"Mr\" in the title field","match":{"arguments":[{"val":"\"Mr\"","offset":15}],"location":"com.stepdefinition.org.SignupStep1.user_enter_the_in_the_title_field(java.lang.String)"},"keyword":"And "},{"result":{"duration":58061600,"status":"passed"},"line":31,"name":"user enter the \"Mos\" in the firstname field","match":{"arguments":[{"val":"\"Mos\"","offset":15}],"location":"com.stepdefinition.org.SignupStep1.user_enter_the_in_the_firstname_field(java.lang.String)"},"keyword":"And "},{"result":{"duration":57281500,"status":"passed"},"line":32,"name":"user enter the \"P\" in the lastname field","match":{"arguments":[{"val":"\"P\"","offset":15}],"location":"com.stepdefinition.org.SignupStep1.user_enter_the_in_the_lastname_field(java.lang.String)"},"keyword":"And "},{"result":{"duration":75835400,"status":"passed"},"line":33,"name":"user select the \"New Zealand\"","match":{"arguments":[{"val":"\"New Zealand\"","offset":16}],"location":"com.stepdefinition.org.SignupStep1.user_select_the(java.lang.String)"},"keyword":"And "},{"result":{"duration":1733487100,"status":"passed"},"line":34,"name":"user select the dateofbirth in the calendar field","match":{"location":"com.stepdefinition.org.SignupStep1.user_select_the_dateofbirth_in_the_calendar_field()"},"keyword":"And "},{"result":{"duration":1103431400,"status":"passed"},"line":35,"name":"user enter the \"7896541301\" in the phone number field","match":{"arguments":[{"val":"\"7896541301\"","offset":15}],"location":"com.stepdefinition.org.SignupStep1.user_enter_the_in_the_phone_number_field(java.lang.String)"},"keyword":"And "},{"result":{"duration":1084822400,"status":"passed"},"line":36,"name":"user enter the \"moses94@gmail.com\" in the email field","match":{"arguments":[{"val":"\"moses94@gmail.com\"","offset":15}],"location":"com.stepdefinition.org.SignupStep1.user_enter_the_in_the_email_field(java.lang.String)"},"keyword":"And "},{"result":{"duration":4824921500,"status":"passed"},"line":37,"name":"user enter the invalid \"SpiceJet123\" in the password field","match":{"arguments":[{"val":"\"SpiceJet123\"","offset":23}],"location":"com.stepdefinition.org.SignupStep1.user_enter_the_invalid_in_the_password_field(java.lang.String)"},"keyword":"And "},{"result":{"duration":3150051900,"status":"passed"},"line":38,"name":"user enter the invalid \"SpiceJet123\" in the confirmpassword field","match":{"arguments":[{"val":"\"SpiceJet123\"","offset":23}],"location":"com.stepdefinition.org.SignupStep1.user_enter_the_invalid_in_the_confirmpassword_field(java.lang.String)"},"keyword":"And "},{"result":{"duration":2112144500,"status":"passed"},"line":39,"name":"user click the iagree and submit button for invalid","match":{"location":"com.stepdefinition.org.SignupStep1.user_click_the_iagree_and_submit_button_for_invalid()"},"keyword":"And "},{"result":{"duration":10076800,"status":"passed"},"line":40,"name":"User should get a proper warning message about Password characters","match":{"location":"com.stepdefinition.org.SignupStep1.user_should_get_a_proper_warning_message_about_password_characters()"},"keyword":"And "},{"result":{"duration":2100989700,"status":"passed"},"line":41,"name":"user switch back to parent window for invalid","match":{"location":"com.stepdefinition.org.SignupStep1.user_switch_back_to_parent_window_for_invalid()"},"keyword":"Then "}]},{"start_timestamp":"2024-06-06T07:04:24.384Z","before":[{"result":{"status":"passed"},"match":{"location":"com.stepdefinition.org.SignupStep1.beforeHooks(io.cucumber.java.Scenario)"}}],"line":47,"name":"Signup with empty credentials","description":"","id":"verifying-the-booking-functionality-of-an-spicejet-application;signup-with-empty-credentials","after":[{"result":{"duration":233031200,"status":"passed"},"match":{"location":"com.stepdefinition.org.SignupStep1.afterHooks(io.cucumber.java.Scenario)"}}],"type":"scenario","keyword":"Scenario","steps":[{"result":{"duration":1894325000,"status":"passed"},"line":49,"name":"user must launch the url","match":{"location":"com.stepdefinition.org.SignupStep1.user_must_launch_the_url()"},"keyword":"Given "},{"result":{"duration":131572000,"status":"passed"},"line":50,"name":"user click the signup button for empty","match":{"location":"com.stepdefinition.org.SignupStep1.user_click_the_signup_button_for_empty()"},"keyword":"When "},{"result":{"duration":2096172700,"status":"passed"},"line":51,"name":"user navigate to the signup page for empty","match":{"location":"com.stepdefinition.org.SignupStep1.user_navigate_to_the_signup_page_for_empty()"},"keyword":"And "},{"result":{"duration":4298920100,"status":"passed"},"line":52,"name":"user click the iagree and submit button for empty","match":{"location":"com.stepdefinition.org.SignupStep1.user_click_the_iagree_and_submit_button_for_empty()"},"keyword":"And "},{"result":{"duration":1027398900,"status":"passed"},"line":53,"name":"User should get a proper warning message about Please fill all mandatory fields marked with an '*' to proceed","match":{"arguments":[{"val":"'*'","offset":95}],"location":"com.stepdefinition.org.SignupStep1.user_should_get_a_proper_warning_message_about_please_fill_all_mandatory_fields_marked_with_an_to_proceed(java.lang.String)"},"keyword":"And "},{"result":{"duration":2092725500,"status":"passed"},"line":54,"name":"user switch back to parent window for empty","match":{"location":"com.stepdefinition.org.SignupStep1.user_switch_back_to_parent_window_for_empty()"},"keyword":"Then "}]}],"name":"Verifying the booking functionality of an spicejet application","description":"","id":"verifying-the-booking-functionality-of-an-spicejet-application","keyword":"Feature","uri":"file:src/test/java/com/feature/org/spicejetasignup.feature","tags":[]},{"line":1,"elements":[{"start_timestamp":"2024-06-06T07:04:36.166Z","before":[{"result":{"status":"passed"},"match":{"location":"com.stepdefinition.org.SignupStep1.beforeHooks(io.cucumber.java.Scenario)"}}],"line":14,"name":"Login with valid credentials","description":"","id":"verifying-the-booking-functionality-of-an-spicejet-application;login-with-valid-credentials;;2","after":[{"result":{"duration":214046800,"status":"passed"},"match":{"location":"com.stepdefinition.org.SignupStep1.afterHooks(io.cucumber.java.Scenario)"}}],"type":"scenario","keyword":"Scenario Outline","steps":[{"result":{"duration":2075504200,"status":"passed"},"line":5,"name":"user navigates to home page","match":{"location":"com.stepdefinition.org.LoginStep2.user_navigates_to_home_page()"},"keyword":"Given "},{"result":{"duration":2139069500,"status":"passed"},"line":6,"name":"user click the login button for valid credentials","match":{"location":"com.stepdefinition.org.LoginStep2.user_click_the_login_button_for_valid_credentials()"},"keyword":"When "},{"result":{"duration":2046326800,"status":"passed"},"line":7,"name":"user click the mobilenumber either email radio button for valid credentials","match":{"location":"com.stepdefinition.org.LoginStep2.user_click_the_mobilenumber_either_email_radio_button_for_valid_credentials()"},"keyword":"And "},{"result":{"duration":2141186100,"status":"passed"},"line":8,"name":"user enter the valid \"moses94@gmail.com\" id in the email field for valid credentials","match":{"arguments":[{"val":"\"moses94@gmail.com\"","offset":21}],"location":"com.stepdefinition.org.LoginStep2.user_enter_the_valid_id_in_the_email_field_for_valid_credentials(java.lang.String)"},"keyword":"And "},{"result":{"duration":2108148800,"status":"passed"},"line":9,"name":"user enter the valid \"SpiceJet@123$\" in the password field for valid credentials","match":{"arguments":[{"val":"\"SpiceJet@123$\"","offset":21}],"location":"com.stepdefinition.org.LoginStep2.user_enter_the_valid_in_the_password_field_for_valid_credentials(java.lang.String)"},"keyword":"And "},{"result":{"duration":3041761700,"status":"passed"},"line":10,"name":"user click the login button and navigate to booking page for valid credentials","match":{"location":"com.stepdefinition.org.LoginStep2.user_click_the_login_button_and_navigate_to_booking_page_for_valid_credentials()"},"keyword":"Then "}]},{"start_timestamp":"2024-06-06T07:04:49.939Z","before":[{"result":{"status":"passed"},"match":{"location":"com.stepdefinition.org.SignupStep1.beforeHooks(io.cucumber.java.Scenario)"}}],"line":28,"name":"Login with invalid credentials","description":"","id":"verifying-the-booking-functionality-of-an-spicejet-application;login-with-invalid-credentials;;2","after":[{"result":{"duration":216711800,"status":"passed"},"match":{"location":"com.stepdefinition.org.SignupStep1.afterHooks(io.cucumber.java.Scenario)"}}],"type":"scenario","keyword":"Scenario Outline","steps":[{"result":{"duration":2343809500,"status":"passed"},"line":19,"name":"user navigates to home page","match":{"location":"com.stepdefinition.org.LoginStep2.user_navigates_to_home_page()"},"keyword":"Given "},{"result":{"duration":2122092600,"status":"passed"},"line":20,"name":"user click the login button for invalid credentials","match":{"location":"com.stepdefinition.org.LoginStep2.user_click_the_login_button_for_invalid_credentials()"},"keyword":"When "},{"result":{"duration":2034484100,"status":"passed"},"line":21,"name":"user click the mobilenumber either email radio button for invalid credentials","match":{"location":"com.stepdefinition.org.LoginStep2.user_click_the_mobilenumber_either_email_radio_button_for_invalid_credentials()"},"keyword":"And "},{"result":{"duration":2129226600,"status":"passed"},"line":22,"name":"user enter the invalid \"moses94@gmail.com\" id in the email field for invalid credentials","match":{"arguments":[{"val":"\"moses94@gmail.com\"","offset":23}],"location":"com.stepdefinition.org.LoginStep2.user_enter_the_invalid_id_in_the_email_field_for_invalid_credentials(java.lang.String)"},"keyword":"And "},{"result":{"duration":2111345300,"status":"passed"},"line":23,"name":"user enter the invalid \"SpiceJet123\" in the password field for invalid credentials","match":{"arguments":[{"val":"\"SpiceJet123\"","offset":23}],"location":"com.stepdefinition.org.LoginStep2.user_enter_the_invalid_in_the_password_field_for_invalid_credentials(java.lang.String)"},"keyword":"And "},{"result":{"duration":3037326300,"status":"passed"},"line":24,"name":"user should get a proper warning message about invalid credentials for invalid credentials","match":{"location":"com.stepdefinition.org.LoginStep2.user_should_get_a_proper_warning_message_about_invalid_credentials_for_invalid_credentials()"},"keyword":"Then "}]},{"start_timestamp":"2024-06-06T07:05:03.940Z","before":[{"result":{"status":"passed"},"match":{"location":"com.stepdefinition.org.SignupStep1.beforeHooks(io.cucumber.java.Scenario)"}}],"line":42,"name":"Login with valid email and invalid password","description":"","id":"verifying-the-booking-functionality-of-an-spicejet-application;login-with-valid-email-and-invalid-password;;2","after":[{"result":{"duration":227152200,"status":"passed"},"match":{"location":"com.stepdefinition.org.SignupStep1.afterHooks(io.cucumber.java.Scenario)"}}],"type":"scenario","keyword":"Scenario Outline","steps":[{"result":{"duration":2386961200,"status":"passed"},"line":33,"name":"user navigates to home page","match":{"location":"com.stepdefinition.org.LoginStep2.user_navigates_to_home_page()"},"keyword":"Given "},{"result":{"duration":2113931800,"status":"passed"},"line":34,"name":"user click the login button for invalid password","match":{"location":"com.stepdefinition.org.LoginStep2.user_click_the_login_button_for_invalid_password()"},"keyword":"When "},{"result":{"duration":2039712500,"status":"passed"},"line":35,"name":"user click the mobilenumber either email radio button for invalid password","match":{"location":"com.stepdefinition.org.LoginStep2.user_click_the_mobilenumber_either_email_radio_button_for_invalid_password()"},"keyword":"And "},{"result":{"duration":2135367900,"status":"passed"},"line":36,"name":"user enter the valid \"moses94@gmail.com\" id in the email field for invalid password","match":{"arguments":[{"val":"\"moses94@gmail.com\"","offset":21}],"location":"com.stepdefinition.org.LoginStep2.user_enter_the_valid_id_in_the_email_field_for_invalid_password(java.lang.String)"},"keyword":"And "},{"result":{"duration":2115566100,"status":"passed"},"line":37,"name":"user enter the invalid \"SpiceJet123\" in the password field for invalid password","match":{"arguments":[{"val":"\"SpiceJet123\"","offset":23}],"location":"com.stepdefinition.org.LoginStep2.user_enter_the_invalid_in_the_password_field_for_invalid_password(java.lang.String)"},"keyword":"And "},{"result":{"duration":3041882600,"status":"passed"},"line":38,"name":"user should get a proper warning message about invalid credentials for invalid password","match":{"location":"com.stepdefinition.org.LoginStep2.user_should_get_a_proper_warning_message_about_invalid_credentials_for_invalid_password()"},"keyword":"Then "}]},{"start_timestamp":"2024-06-06T07:05:18.006Z","before":[{"result":{"status":"passed"},"match":{"location":"com.stepdefinition.org.SignupStep1.beforeHooks(io.cucumber.java.Scenario)"}}],"line":56,"name":"Login with invalid email and valid password","description":"","id":"verifying-the-booking-functionality-of-an-spicejet-application;login-with-invalid-email-and-valid-password;;2","after":[{"result":{"duration":199076500,"status":"passed"},"match":{"location":"com.stepdefinition.org.SignupStep1.afterHooks(io.cucumber.java.Scenario)"}}],"type":"scenario","keyword":"Scenario Outline","steps":[{"result":{"duration":2376621900,"status":"passed"},"line":47,"name":"user navigates to home page","match":{"location":"com.stepdefinition.org.LoginStep2.user_navigates_to_home_page()"},"keyword":"Given "},{"result":{"duration":2132277600,"status":"passed"},"line":48,"name":"user click the login button for invalid email","match":{"location":"com.stepdefinition.org.LoginStep2.user_click_the_login_button_for_invalid_email()"},"keyword":"When "},{"result":{"duration":2040843600,"status":"passed"},"line":49,"name":"user click the mobilenumber either email radio button for invalid email","match":{"location":"com.stepdefinition.org.LoginStep2.user_click_the_mobilenumber_either_email_radio_button_for_invalid_email()"},"keyword":"And "},{"result":{"duration":2124561500,"status":"passed"},"line":50,"name":"user enter the invalid \"moses94@gmail.com\" id in the email field for invalid email","match":{"arguments":[{"val":"\"moses94@gmail.com\"","offset":23}],"location":"com.stepdefinition.org.LoginStep2.user_enter_the_invalid_id_in_the_email_field_for_invalid_email(java.lang.String)"},"keyword":"And "},{"result":{"duration":2113261100,"status":"passed"},"line":51,"name":"user enter the valid \"SpiceJet@123$\" in the password field for invalid email","match":{"arguments":[{"val":"\"SpiceJet@123$\"","offset":21}],"location":"com.stepdefinition.org.LoginStep2.user_enter_the_valid_in_the_password_field_for_invalid_email(java.lang.String)"},"keyword":"And "},{"result":{"duration":3039828000,"status":"passed"},"line":52,"name":"user should get a proper warning message about invalid credentials for invalid email","match":{"location":"com.stepdefinition.org.LoginStep2.user_should_get_a_proper_warning_message_about_invalid_credentials_for_invalid_email()"},"keyword":"Then "}]},{"start_timestamp":"2024-06-06T07:05:32.037Z","before":[{"result":{"status":"passed"},"match":{"location":"com.stepdefinition.org.SignupStep1.beforeHooks(io.cucumber.java.Scenario)"}}],"line":59,"name":"Login without providing any credentials","description":"","id":"verifying-the-booking-functionality-of-an-spicejet-application;login-without-providing-any-credentials","after":[{"result":{"duration":319758700,"status":"passed"},"match":{"location":"com.stepdefinition.org.SignupStep1.afterHooks(io.cucumber.java.Scenario)"}}],"type":"scenario","keyword":"Scenario","steps":[{"result":{"duration":2418488100,"status":"passed"},"line":61,"name":"user navigates to home page","match":{"location":"com.stepdefinition.org.LoginStep2.user_navigates_to_home_page()"},"keyword":"Given "},{"result":{"duration":2116771500,"status":"passed"},"line":62,"name":"user click the login button for without credentials","match":{"location":"com.stepdefinition.org.LoginStep2.user_click_the_login_button_for_without_credentials()"},"keyword":"When "},{"result":{"duration":2045552100,"status":"passed"},"line":63,"name":"user click the mobilenumber either email radio button for without credentials","match":{"location":"com.stepdefinition.org.LoginStep2.user_click_the_mobilenumber_either_email_radio_button_for_without_credentials()"},"keyword":"And "},{"result":{"duration":5111500000,"status":"passed"},"line":64,"name":"user should get a proper warning message about invalid credentials for without credentials","match":{"location":"com.stepdefinition.org.LoginStep2.user_should_get_a_proper_warning_message_about_invalid_credentials_for_without_credentials()"},"keyword":"Then "}]}],"name":"Verifying the booking functionality of an spicejet application","description":"","id":"verifying-the-booking-functionality-of-an-spicejet-application","keyword":"Feature","uri":"file:src/test/java/com/feature/org/spicejetblogin.feature","tags":[]},{"line":1,"elements":[{"start_timestamp":"2024-06-06T07:05:44.053Z","before":[{"result":{"duration":1002700,"status":"passed"},"match":{"location":"com.stepdefinition.org.SignupStep1.beforeHooks(io.cucumber.java.Scenario)"}}],"line":33,"name":"Oneway booking functionality","description":"","id":"verifying-the-booking-functionality-of-an-spicejet-application;oneway-booking-functionality;;2","after":[{"result":{"duration":295129900,"status":"passed"},"match":{"location":"com.stepdefinition.org.SignupStep1.afterHooks(io.cucumber.java.Scenario)"}}],"type":"scenario","keyword":"Scenario Outline","steps":[{"result":{"duration":2356261200,"status":"passed"},"line":5,"name":"user navigate to booking page for oneway","match":{"location":"com.stepdefinition.org.OnewayStep.user_navigate_to_booking_page_for_oneway()"},"keyword":"Given "},{"result":{"duration":43613300,"status":"passed"},"line":6,"name":"user click the oneway button on booking page for oneway","match":{"location":"com.stepdefinition.org.OnewayStep.user_click_the_oneway_button_on_booking_page_for_oneway()"},"keyword":"When "},{"result":{"duration":255102700,"status":"passed"},"line":7,"name":"user select the origin place from the from field for oneway","match":{"location":"com.stepdefinition.org.OnewayStep.user_select_the_origin_place_from_the_from_field_for_oneway()"},"keyword":"And "},{"result":{"duration":374695100,"status":"passed"},"line":8,"name":"user select the Destination place from the Destination field for oneway","match":{"location":"com.stepdefinition.org.OnewayStep.user_select_the_destination_place_from_the_destination_field_for_oneway()"},"keyword":"And "},{"result":{"duration":146409100,"status":"passed"},"line":9,"name":"user select the departure date on the date field for oneway","match":{"location":"com.stepdefinition.org.OnewayStep.user_select_the_departure_date_on_the_date_field_for_oneway()"},"keyword":"And "},{"result":{"duration":168415400,"status":"passed"},"line":10,"name":"user click the passenger and add the passenger for oneway","match":{"location":"com.stepdefinition.org.OnewayStep.user_click_the_passenger_and_add_the_passenger_for_oneway()"},"keyword":"And "},{"result":{"duration":34088500,"status":"passed"},"line":11,"name":"user click the search flight button for oneway","match":{"location":"com.stepdefinition.org.OnewayStep.user_click_the_search_flight_button_for_oneway()"},"keyword":"And "},{"result":{"duration":2931245400,"status":"passed"},"line":12,"name":"user click the continue button for oneway","match":{"location":"com.stepdefinition.org.OnewayStep.user_click_the_continue_button_for_oneway()"},"keyword":"And "},{"result":{"duration":3816619400,"status":"passed"},"line":13,"name":"user select the valid salutation in the salutation field for oneway","match":{"location":"com.stepdefinition.org.OnewayStep.user_select_the_valid_salutation_in_the_salutation_field_for_oneway()"},"keyword":"And "},{"result":{"duration":90235200,"status":"passed"},"line":14,"name":"user enter the valid \"Mos\" in the firstname field for oneway","match":{"arguments":[{"val":"\"Mos\"","offset":21}],"location":"com.stepdefinition.org.OnewayStep.user_enter_the_valid_in_the_firstname_field_for_oneway(java.lang.String)"},"keyword":"And "},{"result":{"duration":67176800,"status":"passed"},"line":15,"name":"user enter the valid \"P\" in the lastname field for oneway","match":{"arguments":[{"val":"\"P\"","offset":21}],"location":"com.stepdefinition.org.OnewayStep.user_enter_the_valid_in_the_lastname_field_for_oneway(java.lang.String)"},"keyword":"And "},{"result":{"duration":231388400,"status":"passed"},"line":16,"name":"user enter the valid \"9443352021\" in the phonenumberfield for oneway","match":{"arguments":[{"val":"\"9443352021\"","offset":21}],"location":"com.stepdefinition.org.OnewayStep.user_enter_the_valid_in_the_phonenumberfield_for_oneway(java.lang.String)"},"keyword":"And "},{"result":{"duration":355983900,"status":"passed"},"line":17,"name":"user enter the valid \"moses94@gmail.com\" in the Email field for oneway","match":{"arguments":[{"val":"\"moses94@gmail.com\"","offset":21}],"location":"com.stepdefinition.org.OnewayStep.user_enter_the_valid_in_the_email_field_for_oneway(java.lang.String)"},"keyword":"And "},{"result":{"duration":291929500,"status":"passed"},"line":18,"name":"user enter the valid \"Coimbatore\" in the Town field for oneway","match":{"arguments":[{"val":"\"Coimbatore\"","offset":21}],"location":"com.stepdefinition.org.OnewayStep.user_enter_the_valid_in_the_town_field_for_oneway(java.lang.String)"},"keyword":"And "},{"result":{"duration":83713900,"status":"passed"},"line":19,"name":"user select the valid passenger one salutation in the salutation field for oneway","match":{"location":"com.stepdefinition.org.OnewayStep.user_select_the_valid_passenger_one_salutation_in_the_salutation_field_for_oneway()"},"keyword":"And "},{"result":{"duration":123598700,"status":"passed"},"line":20,"name":"user enter the valid \"Moses\" in the passenger one firstname field for oneway","match":{"arguments":[{"val":"\"Moses\"","offset":21}],"location":"com.stepdefinition.org.OnewayStep.user_enter_the_valid_in_the_passenger_one_firstname_field_for_oneway(java.lang.String)"},"keyword":"And "},{"result":{"duration":74131500,"status":"passed"},"line":21,"name":"user enter the valid \"SJ\" in the passenger one Lastname field for oneway","match":{"arguments":[{"val":"\"SJ\"","offset":21}],"location":"com.stepdefinition.org.OnewayStep.user_enter_the_valid_in_the_passenger_one_lastname_field_for_oneway(java.lang.String)"},"keyword":"And "},{"result":{"duration":203856200,"status":"passed"},"line":22,"name":"user enter the valid \"9443352021\" in the passenger one PhoneNunber field for oneway","match":{"arguments":[{"val":"\"9443352021\"","offset":21}],"location":"com.stepdefinition.org.OnewayStep.user_enter_the_valid_in_the_passenger_one_phone_nunber_field_for_oneway(java.lang.String)"},"keyword":"And "},{"result":{"duration":160413600,"status":"passed"},"line":23,"name":"user select the valid passenger two salutation in the salutation field for oneway","match":{"location":"com.stepdefinition.org.OnewayStep.user_select_the_valid_passenger_two_salutation_in_the_salutation_field_for_oneway()"},"keyword":"And "},{"result":{"duration":109322000,"status":"passed"},"line":24,"name":"user enter the valid \"Moses\" in the passenger two firstname field for oneway","match":{"arguments":[{"val":"\"Moses\"","offset":21}],"location":"com.stepdefinition.org.OnewayStep.user_enter_the_valid_in_the_passenger_two_firstname_field_for_oneway(java.lang.String)"},"keyword":"And "},{"result":{"duration":52836000,"status":"passed"},"line":25,"name":"user enter the valid \"P\" in the passenger two Lastname field for oneway","match":{"arguments":[{"val":"\"P\"","offset":21}],"location":"com.stepdefinition.org.OnewayStep.user_enter_the_valid_in_the_passenger_two_lastname_field_for_oneway(java.lang.String)"},"keyword":"And "},{"result":{"duration":192562700,"status":"passed"},"line":26,"name":"user enter the valid \"9443352021\" in the passenger two PhoneNunber field for oneway","match":{"arguments":[{"val":"\"9443352021\"","offset":21}],"location":"com.stepdefinition.org.OnewayStep.user_enter_the_valid_in_the_passenger_two_phone_nunber_field_for_oneway(java.lang.String)"},"keyword":"And "},{"result":{"duration":5061821900,"status":"passed"},"line":27,"name":"user click the continue button for oneway trip","match":{"location":"com.stepdefinition.org.OnewayStep.user_click_the_continue_button_for_oneway_trip()"},"keyword":"And "},{"result":{"duration":10512437600,"status":"passed"},"line":28,"name":"user should get a Trip Summary message on webpage and click the homepage button for oneway","match":{"location":"com.stepdefinition.org.OnewayStep.user_should_get_a_trip_summary_message_on_webpage_and_click_the_homepage_button_for_oneway()"},"keyword":"Then "}]}],"name":"Verifying the booking functionality of an spicejet application","description":"","id":"verifying-the-booking-functionality-of-an-spicejet-application","keyword":"Feature","uri":"file:src/test/java/com/feature/org/spicejetconewaytrip.feature","tags":[]},{"line":1,"elements":[{"start_timestamp":"2024-06-06T07:06:12.099Z","before":[{"result":{"status":"passed"},"match":{"location":"com.stepdefinition.org.SignupStep1.beforeHooks(io.cucumber.java.Scenario)"}}],"line":34,"name":"Round Trip booking functionality","description":"","id":"verifying-the-booking-functionality-of-an-spicejet-application;round-trip-booking-functionality;;2","after":[{"result":{"duration":368192400,"status":"passed"},"match":{"location":"com.stepdefinition.org.SignupStep1.afterHooks(io.cucumber.java.Scenario)"}}],"type":"scenario","keyword":"Scenario Outline","steps":[{"result":{"duration":2576545600,"status":"passed"},"line":5,"name":"user navigate to booking page for roundtrip","match":{"location":"com.stepdefinition.org.RoundwayStep.user_navigate_to_booking_page_for_roundtrip()"},"keyword":"Given "},{"result":{"duration":92787900,"status":"passed"},"line":6,"name":"user click the Round Trip button on booking page roundtrip","match":{"location":"com.stepdefinition.org.RoundwayStep.user_click_the_round_trip_button_on_booking_page_roundtrip()"},"keyword":"When "},{"result":{"duration":208747800,"status":"passed"},"line":7,"name":"user select the origin place from the from field roundtrip","match":{"location":"com.stepdefinition.org.RoundwayStep.user_select_the_origin_place_from_the_from_field_roundtrip()"},"keyword":"And "},{"result":{"duration":52659400,"status":"passed"},"line":8,"name":"user select the Destination place from the Destination field roundtrip","match":{"location":"com.stepdefinition.org.RoundwayStep.user_select_the_destination_place_from_the_destination_field_roundtrip()"},"keyword":"And "},{"result":{"error_message":"org.openqa.selenium.NoSuchElementException: no such element: Unable to locate element: {\"method\":\"xpath\",\"selector\":\"(//div[@data-testid='undefined-calendar-day-29'][normalize-space()='29'])[1]\"}\n  (Session info: chrome=125.0.6422.142)\nFor documentation on this error, please visit: https://www.selenium.dev/documentation/webdriver/troubleshooting/errors#no-such-element-exception\nBuild info: version: '4.11.0', revision: '040bc5406b'\nSystem info: os.name: 'Windows 11', os.arch: 'amd64', os.version: '10.0', java.version: '17.0.10'\nDriver info: org.openqa.selenium.chrome.ChromeDriver\nCommand: [457c2cb0fbe5b80f7346cf615f056154, findElement {using=xpath, value=(//div[@data-testid='undefined-calendar-day-29'][normalize-space()='29'])[1]}]\nCapabilities {acceptInsecureCerts: false, browserName: chrome, browserVersion: 125.0.6422.142, chrome: {chromedriverVersion: 125.0.6422.141 (4b1e8393712..., userDataDir: C:\\Users\\Moses\\AppData\\Loca...}, fedcm:accounts: true, goog:chromeOptions: {debuggerAddress: localhost:60856}, networkConnectionEnabled: false, pageLoadStrategy: normal, platformName: windows, proxy: Proxy(), se:cdp: ws://localhost:60856/devtoo..., se:cdpVersion: 125.0.6422.142, setWindowRect: true, strictFileInteractability: false, timeouts: {implicit: 0, pageLoad: 300000, script: 30000}, unhandledPromptBehavior: dismiss and notify, webauthn:extension:credBlob: true, webauthn:extension:largeBlob: true, webauthn:extension:minPinLength: true, webauthn:extension:prf: true, webauthn:virtualAuthenticators: true}\nSession ID: 457c2cb0fbe5b80f7346cf615f056154\r\n\tat java.base/jdk.internal.reflect.NativeConstructorAccessorImpl.newInstance0(Native Method)\r\n\tat java.base/jdk.internal.reflect.NativeConstructorAccessorImpl.newInstance(NativeConstructorAccessorImpl.java:77)\r\n\tat java.base/jdk.internal.reflect.DelegatingConstructorAccessorImpl.newInstance(DelegatingConstructorAccessorImpl.java:45)\r\n\tat java.base/java.lang.reflect.Constructor.newInstanceWithCaller(Constructor.java:499)\r\n\tat java.base/java.lang.reflect.Constructor.newInstance(Constructor.java:480)\r\n\tat org.openqa.selenium.remote.codec.w3c.W3CHttpResponseCodec.createException(W3CHttpResponseCodec.java:200)\r\n\tat org.openqa.selenium.remote.codec.w3c.W3CHttpResponseCodec.decode(W3CHttpResponseCodec.java:133)\r\n\tat org.openqa.selenium.remote.codec.w3c.W3CHttpResponseCodec.decode(W3CHttpResponseCodec.java:52)\r\n\tat org.openqa.selenium.remote.HttpCommandExecutor.execute(HttpCommandExecutor.java:191)\r\n\tat org.openqa.selenium.remote.service.DriverCommandExecutor.invokeExecute(DriverCommandExecutor.java:196)\r\n\tat org.openqa.selenium.remote.service.DriverCommandExecutor.execute(DriverCommandExecutor.java:171)\r\n\tat org.openqa.selenium.remote.RemoteWebDriver.execute(RemoteWebDriver.java:518)\r\n\tat org.openqa.selenium.remote.ElementLocation$ElementFinder$2.findElement(ElementLocation.java:165)\r\n\tat org.openqa.selenium.remote.ElementLocation.findElement(ElementLocation.java:59)\r\n\tat org.openqa.selenium.remote.RemoteWebDriver.findElement(RemoteWebDriver.java:355)\r\n\tat org.openqa.selenium.remote.RemoteWebDriver.findElement(RemoteWebDriver.java:349)\r\n\tat org.openqa.selenium.support.pagefactory.DefaultElementLocator.findElement(DefaultElementLocator.java:68)\r\n\tat org.openqa.selenium.support.pagefactory.internal.LocatingElementHandler.invoke(LocatingElementHandler.java:38)\r\n\tat jdk.proxy2/jdk.proxy2.$Proxy29.click(Unknown Source)\r\n\tat com.utils.org.BaseClass.clickOnElement(BaseClass.java:82)\r\n\tat com.stepdefinition.org.RoundwayStep.user_select_the_departure_date_on_the_date_field_roundtrip(RoundwayStep.java:56)\r\n\tat ✽.user select the departure date on the date field roundtrip(file:///C:/Users/Moses/Documents/Project_Spicejet/src/test/java/com/feature/org/spicejetdroundtrip.feature:9)\r\n","duration":13018794400,"status":"failed"},"line":9,"name":"user select the departure date on the date field roundtrip","match":{"location":"com.stepdefinition.org.RoundwayStep.user_select_the_departure_date_on_the_date_field_roundtrip()"},"keyword":"And "},{"result":{"status":"skipped"},"line":10,"name":"user select the return date on the date field roundtrip","match":{"location":"com.stepdefinition.org.RoundwayStep.user_select_the_return_date_on_the_date_field_roundtrip()"},"keyword":"And "},{"result":{"status":"skipped"},"line":11,"name":"user click the passenger and add the passenger roundtrip","match":{"location":"com.stepdefinition.org.RoundwayStep.user_click_the_passenger_and_add_the_passenger_roundtrip()"},"keyword":"And "},{"result":{"status":"skipped"},"line":12,"name":"user click the search flight button roundtrip","match":{"location":"com.stepdefinition.org.RoundwayStep.user_click_the_search_flight_button_roundtrip()"},"keyword":"And "},{"result":{"status":"skipped"},"line":13,"name":"user click the continue button roundtrip","match":{"location":"com.stepdefinition.org.RoundwayStep.user_click_the_continue_button_roundtrip()"},"keyword":"And "},{"result":{"status":"skipped"},"line":14,"name":"user select the valid salutation in the salutation field roundtrip","match":{"location":"com.stepdefinition.org.RoundwayStep.user_select_the_valid_salutation_in_the_salutation_field_roundtrip()"},"keyword":"And "},{"result":{"status":"skipped"},"line":15,"name":"user enter the valid \"Mos\" in the firstname field roundtrip","match":{"arguments":[{"val":"\"Mos\"","offset":21}],"location":"com.stepdefinition.org.RoundwayStep.user_enter_the_valid_in_the_firstname_field_roundtrip(java.lang.String)"},"keyword":"And "},{"result":{"status":"skipped"},"line":16,"name":"user enter the valid \"SJ\" in the lastname field roundtrip","match":{"arguments":[{"val":"\"SJ\"","offset":21}],"location":"com.stepdefinition.org.RoundwayStep.user_enter_the_valid_in_the_lastname_field_roundtrip(java.lang.String)"},"keyword":"And "},{"result":{"status":"skipped"},"line":17,"name":"user enter the valid \"9443352021\" in the phonenumberfield roundtrip","match":{"arguments":[{"val":"\"9443352021\"","offset":21}],"location":"com.stepdefinition.org.RoundwayStep.user_enter_the_valid_in_the_phonenumberfield_roundtrip(java.lang.String)"},"keyword":"And "},{"result":{"status":"skipped"},"line":18,"name":"user enter the valid \"moses94@gmail.com\" in the Email field roundtrip","match":{"arguments":[{"val":"\"moses94@gmail.com\"","offset":21}],"location":"com.stepdefinition.org.RoundwayStep.user_enter_the_valid_in_the_email_field_roundtrip(java.lang.String)"},"keyword":"And "},{"result":{"status":"skipped"},"line":19,"name":"user enter the valid \"Coimbatore\" in the Town field roundtrip","match":{"arguments":[{"val":"\"Coimbatore\"","offset":21}],"location":"com.stepdefinition.org.RoundwayStep.user_enter_the_valid_in_the_town_field_roundtrip(java.lang.String)"},"keyword":"And "},{"result":{"status":"skipped"},"line":20,"name":"user select the valid passenger one salutation in the salutation field roundtrip","match":{"location":"com.stepdefinition.org.RoundwayStep.user_select_the_valid_passenger_one_salutation_in_the_salutation_field_roundtrip()"},"keyword":"And "},{"result":{"status":"skipped"},"line":21,"name":"user enter the valid \"Moses\" in the passenger one firstname field roundtrip","match":{"arguments":[{"val":"\"Moses\"","offset":21}],"location":"com.stepdefinition.org.RoundwayStep.user_enter_the_valid_in_the_passenger_one_firstname_field_roundtrip(java.lang.String)"},"keyword":"And "},{"result":{"status":"skipped"},"line":22,"name":"user enter the valid \"SJ\" in the passenger one Lastname field roundtrip","match":{"arguments":[{"val":"\"SJ\"","offset":21}],"location":"com.stepdefinition.org.RoundwayStep.user_enter_the_valid_in_the_passenger_one_lastname_field_roundtrip(java.lang.String)"},"keyword":"And "},{"result":{"status":"skipped"},"line":23,"name":"user enter the valid \"9443352021\" in the passenger one PhoneNunber field roundtrip","match":{"arguments":[{"val":"\"9443352021\"","offset":21}],"location":"com.stepdefinition.org.RoundwayStep.user_enter_the_valid_in_the_passenger_one_phone_nunber_field_roundtrip(java.lang.String)"},"keyword":"And "},{"result":{"status":"skipped"},"line":24,"name":"user select the valid passenger two salutation in the salutation field roundtrip","match":{"location":"com.stepdefinition.org.RoundwayStep.user_select_the_valid_passenger_two_salutation_in_the_salutation_field_roundtrip()"},"keyword":"And "},{"result":{"status":"skipped"},"line":25,"name":"user enter the valid \"Moses\" in the passenger two firstname field roundtrip","match":{"arguments":[{"val":"\"Moses\"","offset":21}],"location":"com.stepdefinition.org.RoundwayStep.user_enter_the_valid_in_the_passenger_two_firstname_field_roundtrip(java.lang.String)"},"keyword":"And "},{"result":{"status":"skipped"},"line":26,"name":"user enter the valid \"SJ\" in the passenger two Lastname field roundtrip","match":{"arguments":[{"val":"\"SJ\"","offset":21}],"location":"com.stepdefinition.org.RoundwayStep.user_enter_the_valid_in_the_passenger_two_lastname_field_roundtrip(java.lang.String)"},"keyword":"And "},{"result":{"status":"skipped"},"line":27,"name":"user enter the valid \"9443352021\" in the passenger two PhoneNunber field roundtrip","match":{"arguments":[{"val":"\"9443352021\"","offset":21}],"location":"com.stepdefinition.org.RoundwayStep.user_enter_the_valid_in_the_passenger_two_phone_nunber_field_roundtrip(java.lang.String)"},"keyword":"And "},{"result":{"status":"skipped"},"line":28,"name":"user click the continue button roundwaytrip","match":{"location":"com.stepdefinition.org.RoundwayStep.user_click_the_continue_button_roundwaytrip()"},"keyword":"And "},{"result":{"status":"skipped"},"line":29,"name":"user should get a Trip Summary message on webpage and click the homepage button roundtrip","match":{"location":"com.stepdefinition.org.RoundwayStep.user_should_get_a_trip_summary_message_on_webpage_and_click_the_homepage_button_roundtrip()"},"keyword":"Then "}]}],"name":"Verifying the booking functionality of an spicejet application","description":"","id":"verifying-the-booking-functionality-of-an-spicejet-application","keyword":"Feature","uri":"file:src/test/java/com/feature/org/spicejetdroundtrip.feature","tags":[]},{"line":1,"elements":[{"start_timestamp":"2024-06-06T07:06:28.431Z","before":[{"result":{"duration":1002900,"status":"passed"},"match":{"location":"com.stepdefinition.org.SignupStep1.beforeHooks(io.cucumber.java.Scenario)"}}],"line":3,"name":"validate the booking page fields","description":"","id":"verifying-the-booking-functionality-of-an-spicejet-application;validate-the-booking-page-fields","after":[{"result":{"duration":180667000,"status":"passed"},"match":{"location":"com.stepdefinition.org.SignupStep1.afterHooks(io.cucumber.java.Scenario)"}}],"type":"scenario","keyword":"Scenario","steps":[{"result":{"duration":2394935100,"status":"passed"},"line":5,"name":"user navigate to booking page","match":{"location":"com.stepdefinition.org.ValidationStep.user_navigate_to_booking_page()"},"keyword":"Given "},{"result":{"duration":167611100,"status":"passed"},"line":6,"name":"user click the check-in","match":{"location":"com.stepdefinition.org.ValidationStep.user_click_the_check_in()"},"keyword":"When "},{"result":{"duration":33911800,"status":"passed"},"line":7,"name":"verify the title of the check-in page","match":{"location":"com.stepdefinition.org.ValidationStep.verify_the_title_of_the_check_in_page()"},"keyword":"And "},{"result":{"duration":76943700,"status":"passed"},"line":8,"name":"user click the flight status","match":{"location":"com.stepdefinition.org.ValidationStep.user_click_the_flight_status()"},"keyword":"And "},{"result":{"duration":21130300,"status":"passed"},"line":9,"name":"verify the title of the flight status page","match":{"location":"com.stepdefinition.org.ValidationStep.verify_the_title_of_the_flight_status_page()"},"keyword":"And "},{"result":{"duration":110606700,"status":"passed"},"line":10,"name":"user click the manage booking","match":{"location":"com.stepdefinition.org.ValidationStep.user_click_the_manage_booking()"},"keyword":"And "},{"result":{"duration":19098500,"status":"passed"},"line":11,"name":"verify the title of the manage booking page","match":{"location":"com.stepdefinition.org.ValidationStep.verify_the_title_of_the_manage_booking_page()"},"keyword":"Then "}]}],"name":"Verifying the booking functionality of an spicejet application","description":"","id":"verifying-the-booking-functionality-of-an-spicejet-application","keyword":"Feature","uri":"file:src/test/java/com/feature/org/spicejetevalidation.feature","tags":[]},{"line":1,"elements":[{"start_timestamp":"2024-06-06T07:06:31.443Z","before":[{"result":{"status":"passed"},"match":{"location":"com.stepdefinition.org.SignupStep1.beforeHooks(io.cucumber.java.Scenario)"}}],"line":40,"name":"Payment and Checkout functionality","description":"","id":"verifying-the-booking-functionality-of-an-spicejet-application;payment-and-checkout-functionality;;2","after":[{"result":{"duration":251066900,"status":"passed"},"match":{"location":"com.stepdefinition.org.SignupStep1.afterHooks(io.cucumber.java.Scenario)"}}],"type":"scenario","keyword":"Scenario Outline","steps":[{"result":{"duration":6467604700,"status":"passed"},"line":5,"name":"user navigate to booking page for payment","match":{"location":"com.stepdefinition.org.PaymentProcess.user_navigate_to_booking_page_for_payment()"},"keyword":"Given "},{"result":{"duration":39500600,"status":"passed"},"line":6,"name":"user click the oneway button on booking page for payment","match":{"location":"com.stepdefinition.org.PaymentProcess.user_click_the_oneway_button_on_booking_page_for_payment()"},"keyword":"When "},{"result":{"duration":285703600,"status":"passed"},"line":7,"name":"user select the origin place from the from field for payment","match":{"location":"com.stepdefinition.org.PaymentProcess.user_select_the_origin_place_from_the_from_field_for_payment()"},"keyword":"And "},{"result":{"duration":382200400,"status":"passed"},"line":8,"name":"user select the Destination place from the Destination field for payment","match":{"location":"com.stepdefinition.org.PaymentProcess.user_select_the_destination_place_from_the_destination_field_for_payment()"},"keyword":"And "},{"result":{"duration":145766900,"status":"passed"},"line":9,"name":"user select the departure date on the date field for payment","match":{"location":"com.stepdefinition.org.PaymentProcess.user_select_the_departure_date_on_the_date_field_for_payment()"},"keyword":"And "},{"result":{"duration":202520900,"status":"passed"},"line":10,"name":"user click the passenger and add the passenger for payment","match":{"location":"com.stepdefinition.org.PaymentProcess.user_click_the_passenger_and_add_the_passenger_for_payment()"},"keyword":"And "},{"result":{"duration":44005800,"status":"passed"},"line":11,"name":"user click the search flight button for payment","match":{"location":"com.stepdefinition.org.PaymentProcess.user_click_the_search_flight_button_for_payment()"},"keyword":"And "},{"result":{"duration":2613148300,"status":"passed"},"line":12,"name":"user click the continue button for payment","match":{"location":"com.stepdefinition.org.PaymentProcess.user_click_the_continue_button_for_payment()"},"keyword":"And "},{"result":{"duration":3209632500,"status":"passed"},"line":13,"name":"user select the valid salutation in the salutation field for payment","match":{"location":"com.stepdefinition.org.PaymentProcess.user_select_the_valid_salutation_in_the_salutation_field_for_payment()"},"keyword":"And "},{"result":{"duration":83513100,"status":"passed"},"line":14,"name":"user enter the valid \"Mos\" in the firstname field for payment","match":{"arguments":[{"val":"\"Mos\"","offset":21}],"location":"com.stepdefinition.org.PaymentProcess.user_enter_the_valid_in_the_firstname_field_for_payment(java.lang.String)"},"keyword":"And "},{"result":{"duration":81714500,"status":"passed"},"line":15,"name":"user enter the valid \"SJ\" in the lastname field for payment","match":{"arguments":[{"val":"\"SJ\"","offset":21}],"location":"com.stepdefinition.org.PaymentProcess.user_enter_the_valid_in_the_lastname_field_for_payment(java.lang.String)"},"keyword":"And "},{"result":{"duration":212079800,"status":"passed"},"line":16,"name":"user enter the valid \"9443352021\" in the phonenumberfield for payment","match":{"arguments":[{"val":"\"9443352021\"","offset":21}],"location":"com.stepdefinition.org.PaymentProcess.user_enter_the_valid_in_the_phonenumberfield_for_payment(java.lang.String)"},"keyword":"And "},{"result":{"duration":324542300,"status":"passed"},"line":17,"name":"user enter the valid \"moses94@gmail.com\" in the Email field for payment","match":{"arguments":[{"val":"\"moses94@gmail.com\"","offset":21}],"location":"com.stepdefinition.org.PaymentProcess.user_enter_the_valid_in_the_email_field_for_payment(java.lang.String)"},"keyword":"And "},{"result":{"duration":272257200,"status":"passed"},"line":18,"name":"user enter the valid \"Coimbatore\" in the Town field for payment","match":{"arguments":[{"val":"\"Coimbatore\"","offset":21}],"location":"com.stepdefinition.org.PaymentProcess.user_enter_the_valid_in_the_town_field_for_payment(java.lang.String)"},"keyword":"And "},{"result":{"duration":77502800,"status":"passed"},"line":19,"name":"user select the valid passenger one salutation in the salutation field for payment","match":{"location":"com.stepdefinition.org.PaymentProcess.user_select_the_valid_passenger_one_salutation_in_the_salutation_field_for_payment()"},"keyword":"And "},{"result":{"duration":84486500,"status":"passed"},"line":20,"name":"user enter the valid \"Mos\" in the passenger one firstname field for payment","match":{"arguments":[{"val":"\"Mos\"","offset":21}],"location":"com.stepdefinition.org.PaymentProcess.user_enter_the_valid_in_the_passenger_one_firstname_field_for_payment(java.lang.String)"},"keyword":"And "},{"result":{"duration":77807600,"status":"passed"},"line":21,"name":"user enter the valid \"SJ\" in the passenger one Lastname field for payment","match":{"arguments":[{"val":"\"SJ\"","offset":21}],"location":"com.stepdefinition.org.PaymentProcess.user_enter_the_valid_in_the_passenger_one_lastname_field_for_payment(java.lang.String)"},"keyword":"And "},{"result":{"duration":188713800,"status":"passed"},"line":22,"name":"user enter the valid \"9443352021\" in the passenger one PhoneNunber field for payment","match":{"arguments":[{"val":"\"9443352021\"","offset":21}],"location":"com.stepdefinition.org.PaymentProcess.user_enter_the_valid_in_the_passenger_one_phone_nunber_field_for_payment(java.lang.String)"},"keyword":"And "},{"result":{"duration":147272400,"status":"passed"},"line":23,"name":"user select the valid passenger two salutation in the salutation field for payment","match":{"location":"com.stepdefinition.org.PaymentProcess.user_select_the_valid_passenger_two_salutation_in_the_salutation_field_for_payment()"},"keyword":"And "},{"result":{"duration":107784400,"status":"passed"},"line":24,"name":"user enter the valid \"Moses\" in the passenger two firstname field for payment","match":{"arguments":[{"val":"\"Moses\"","offset":21}],"location":"com.stepdefinition.org.PaymentProcess.user_enter_the_valid_in_the_passenger_two_firstname_field_for_payment(java.lang.String)"},"keyword":"And "},{"result":{"duration":51941500,"status":"passed"},"line":25,"name":"user enter the valid \"P\" in the passenger two Lastname field for payment","match":{"arguments":[{"val":"\"P\"","offset":21}],"location":"com.stepdefinition.org.PaymentProcess.user_enter_the_valid_in_the_passenger_two_lastname_field_for_payment(java.lang.String)"},"keyword":"And "},{"result":{"duration":185327700,"status":"passed"},"line":26,"name":"user enter the valid \"9443352021\" in the passenger two PhoneNunber field for payment","match":{"arguments":[{"val":"\"9443352021\"","offset":21}],"location":"com.stepdefinition.org.PaymentProcess.user_enter_the_valid_in_the_passenger_two_phone_nunber_field_for_payment(java.lang.String)"},"keyword":"And "},{"result":{"error_message":"org.openqa.selenium.TimeoutException: Expected condition failed: waiting for visibility of Proxy element for: DefaultElementLocator 'By.xpath: (//div[@data-testid='add-ons-continue-footer-button'])[3]' (tried for 10 second(s) with 500 milliseconds interval)\r\n\tat org.openqa.selenium.support.ui.WebDriverWait.timeoutException(WebDriverWait.java:84)\r\n\tat org.openqa.selenium.support.ui.FluentWait.until(FluentWait.java:230)\r\n\tat com.utils.org.BaseClass.explictlyWait(BaseClass.java:147)\r\n\tat com.stepdefinition.org.PaymentProcess.user_click_the_continue_button_for_payment_two(PaymentProcess.java:159)\r\n\tat ✽.user click the continue button for payment two(file:///C:/Users/Moses/Documents/Project_Spicejet/src/test/java/com/feature/org/spicejetfpaymentprocess.feature:27)\r\nCaused by: org.openqa.selenium.NoSuchElementException: no such element: Unable to locate element: {\"method\":\"xpath\",\"selector\":\"(//div[@data-testid='add-ons-continue-footer-button'])[3]\"}\n  (Session info: chrome=125.0.6422.142)\nFor documentation on this error, please visit: https://www.selenium.dev/documentation/webdriver/troubleshooting/errors#no-such-element-exception\nBuild info: version: '4.11.0', revision: '040bc5406b'\nSystem info: os.name: 'Windows 11', os.arch: 'amd64', os.version: '10.0', java.version: '17.0.10'\nDriver info: org.openqa.selenium.chrome.ChromeDriver\nCommand: [457c2cb0fbe5b80f7346cf615f056154, findElement {using=xpath, value=(//div[@data-testid='add-ons-continue-footer-button'])[3]}]\nCapabilities {acceptInsecureCerts: false, browserName: chrome, browserVersion: 125.0.6422.142, chrome: {chromedriverVersion: 125.0.6422.141 (4b1e8393712..., userDataDir: C:\\Users\\Moses\\AppData\\Loca...}, fedcm:accounts: true, goog:chromeOptions: {debuggerAddress: localhost:60856}, networkConnectionEnabled: false, pageLoadStrategy: normal, platformName: windows, proxy: Proxy(), se:cdp: ws://localhost:60856/devtoo..., se:cdpVersion: 125.0.6422.142, setWindowRect: true, strictFileInteractability: false, timeouts: {implicit: 0, pageLoad: 300000, script: 30000}, unhandledPromptBehavior: dismiss and notify, webauthn:extension:credBlob: true, webauthn:extension:largeBlob: true, webauthn:extension:minPinLength: true, webauthn:extension:prf: true, webauthn:virtualAuthenticators: true}\nSession ID: 457c2cb0fbe5b80f7346cf615f056154\r\n\tat java.base/jdk.internal.reflect.NativeConstructorAccessorImpl.newInstance0(Native Method)\r\n\tat java.base/jdk.internal.reflect.NativeConstructorAccessorImpl.newInstance(NativeConstructorAccessorImpl.java:77)\r\n\tat java.base/jdk.internal.reflect.DelegatingConstructorAccessorImpl.newInstance(DelegatingConstructorAccessorImpl.java:45)\r\n\tat java.base/java.lang.reflect.Constructor.newInstanceWithCaller(Constructor.java:499)\r\n\tat java.base/java.lang.reflect.Constructor.newInstance(Constructor.java:480)\r\n\tat org.openqa.selenium.remote.codec.w3c.W3CHttpResponseCodec.createException(W3CHttpResponseCodec.java:200)\r\n\tat org.openqa.selenium.remote.codec.w3c.W3CHttpResponseCodec.decode(W3CHttpResponseCodec.java:133)\r\n\tat org.openqa.selenium.remote.codec.w3c.W3CHttpResponseCodec.decode(W3CHttpResponseCodec.java:52)\r\n\tat org.openqa.selenium.remote.HttpCommandExecutor.execute(HttpCommandExecutor.java:191)\r\n\tat org.openqa.selenium.remote.service.DriverCommandExecutor.invokeExecute(DriverCommandExecutor.java:196)\r\n\tat org.openqa.selenium.remote.service.DriverCommandExecutor.execute(DriverCommandExecutor.java:171)\r\n\tat org.openqa.selenium.remote.RemoteWebDriver.execute(RemoteWebDriver.java:518)\r\n\tat org.openqa.selenium.remote.ElementLocation$ElementFinder$2.findElement(ElementLocation.java:165)\r\n\tat org.openqa.selenium.remote.ElementLocation.findElement(ElementLocation.java:59)\r\n\tat org.openqa.selenium.remote.RemoteWebDriver.findElement(RemoteWebDriver.java:355)\r\n\tat org.openqa.selenium.remote.RemoteWebDriver.findElement(RemoteWebDriver.java:349)\r\n\tat org.openqa.selenium.support.pagefactory.DefaultElementLocator.findElement(DefaultElementLocator.java:68)\r\n\tat org.openqa.selenium.support.pagefactory.internal.LocatingElementHandler.invoke(LocatingElementHandler.java:38)\r\n\tat jdk.proxy2/jdk.proxy2.$Proxy29.isDisplayed(Unknown Source)\r\n\tat org.openqa.selenium.support.ui.ExpectedConditions.elementIfVisible(ExpectedConditions.java:304)\r\n\tat org.openqa.selenium.support.ui.ExpectedConditions.access$000(ExpectedConditions.java:37)\r\n\tat org.openqa.selenium.support.ui.ExpectedConditions$10.apply(ExpectedConditions.java:290)\r\n\tat org.openqa.selenium.support.ui.ExpectedConditions$10.apply(ExpectedConditions.java:287)\r\n\tat org.openqa.selenium.support.ui.FluentWait.until(FluentWait.java:205)\r\n\tat com.utils.org.BaseClass.explictlyWait(BaseClass.java:147)\r\n\tat com.stepdefinition.org.PaymentProcess.user_click_the_continue_button_for_payment_two(PaymentProcess.java:159)\r\n\tat java.base/jdk.internal.reflect.NativeMethodAccessorImpl.invoke0(Native Method)\r\n\tat java.base/jdk.internal.reflect.NativeMethodAccessorImpl.invoke(NativeMethodAccessorImpl.java:77)\r\n\tat java.base/jdk.internal.reflect.DelegatingMethodAccessorImpl.invoke(DelegatingMethodAccessorImpl.java:43)\r\n\tat java.base/java.lang.reflect.Method.invoke(Method.java:568)\r\n\tat io.cucumber.java.Invoker.doInvoke(Invoker.java:66)\r\n\tat io.cucumber.java.Invoker.invoke(Invoker.java:24)\r\n\tat io.cucumber.java.AbstractGlueDefinition.invokeMethod(AbstractGlueDefinition.java:47)\r\n\tat io.cucumber.java.JavaStepDefinition.execute(JavaStepDefinition.java:29)\r\n\tat io.cucumber.core.runner.CoreStepDefinition.execute(CoreStepDefinition.java:66)\r\n\tat io.cucumber.core.runner.PickleStepDefinitionMatch.runStep(PickleStepDefinitionMatch.java:63)\r\n\tat io.cucumber.core.runner.ExecutionMode$1.execute(ExecutionMode.java:10)\r\n\tat io.cucumber.core.runner.TestStep.executeStep(TestStep.java:84)\r\n\tat io.cucumber.core.runner.TestStep.run(TestStep.java:56)\r\n\tat io.cucumber.core.runner.PickleStepTestStep.run(PickleStepTestStep.java:51)\r\n\tat io.cucumber.core.runner.TestCase.run(TestCase.java:84)\r\n\tat io.cucumber.core.runner.Runner.runPickle(Runner.java:75)\r\n\tat io.cucumber.junit.PickleRunners$NoStepDescriptions.lambda$run$0(PickleRunners.java:151)\r\n\tat io.cucumber.core.runtime.CucumberExecutionContext.lambda$runTestCase$5(CucumberExecutionContext.java:137)\r\n\tat io.cucumber.core.runtime.RethrowingThrowableCollector.executeAndThrow(RethrowingThrowableCollector.java:23)\r\n\tat io.cucumber.core.runtime.CucumberExecutionContext.runTestCase(CucumberExecutionContext.java:137)\r\n\tat io.cucumber.junit.PickleRunners$NoStepDescriptions.run(PickleRunners.java:148)\r\n\tat io.cucumber.junit.FeatureRunner.runChild(FeatureRunner.java:144)\r\n\tat io.cucumber.junit.FeatureRunner.runChild(FeatureRunner.java:28)\r\n\tat org.junit.runners.ParentRunner$4.run(ParentRunner.java:331)\r\n\tat org.junit.runners.ParentRunner$1.schedule(ParentRunner.java:79)\r\n\tat org.junit.runners.ParentRunner.runChildren(ParentRunner.java:329)\r\n\tat org.junit.runners.ParentRunner.access$100(ParentRunner.java:66)\r\n\tat org.junit.runners.ParentRunner$2.evaluate(ParentRunner.java:293)\r\n\tat org.junit.runners.ParentRunner$3.evaluate(ParentRunner.java:306)\r\n\tat org.junit.runners.ParentRunner.run(ParentRunner.java:413)\r\n\tat io.cucumber.junit.FeatureRunner.run(FeatureRunner.java:137)\r\n\tat io.cucumber.junit.Cucumber.runChild(Cucumber.java:196)\r\n\tat io.cucumber.junit.Cucumber.runChild(Cucumber.java:89)\r\n\tat org.junit.runners.ParentRunner$4.run(ParentRunner.java:331)\r\n\tat org.junit.runners.ParentRunner$1.schedule(ParentRunner.java:79)\r\n\tat org.junit.runners.ParentRunner.runChildren(ParentRunner.java:329)\r\n\tat org.junit.runners.ParentRunner.access$100(ParentRunner.java:66)\r\n\tat org.junit.runners.ParentRunner$2.evaluate(ParentRunner.java:293)\r\n\tat io.cucumber.core.runtime.CucumberExecutionContext.lambda$runFeatures$6(CucumberExecutionContext.java:148)\r\n\tat io.cucumber.core.runtime.CucumberExecutionContext.execute(CucumberExecutionContext.java:163)\r\n\tat io.cucumber.core.runtime.CucumberExecutionContext.runFeatures(CucumberExecutionContext.java:146)\r\n\tat io.cucumber.junit.Cucumber$StartAndFinishTestRun.evaluate(Cucumber.java:226)\r\n\tat org.junit.internal.runners.statements.RunBefores.evaluate(RunBefores.java:26)\r\n\tat org.junit.internal.runners.statements.RunAfters.evaluate(RunAfters.java:27)\r\n\tat org.junit.runners.ParentRunner$3.evaluate(ParentRunner.java:306)\r\n\tat org.junit.runners.ParentRunner.run(ParentRunner.java:413)\r\n\tat org.eclipse.jdt.internal.junit4.runner.JUnit4TestReference.run(JUnit4TestReference.java:93)\r\n\tat org.eclipse.jdt.internal.junit.runner.TestExecution.run(TestExecution.java:40)\r\n\tat org.eclipse.jdt.internal.junit.runner.RemoteTestRunner.runTests(RemoteTestRunner.java:529)\r\n\tat org.eclipse.jdt.internal.junit.runner.RemoteTestRunner.runTests(RemoteTestRunner.java:757)\r\n\tat org.eclipse.jdt.internal.junit.runner.RemoteTestRunner.run(RemoteTestRunner.java:452)\r\n\tat org.eclipse.jdt.internal.junit.runner.RemoteTestRunner.main(RemoteTestRunner.java:210)\r\n","duration":20084887300,"status":"failed"},"line":27,"name":"user click the continue button for payment two","match":{"location":"com.stepdefinition.org.PaymentProcess.user_click_the_continue_button_for_payment_two()"},"keyword":"And "},{"result":{"status":"skipped"},"line":28,"name":"user click the skip and continue button for payment","match":{"location":"com.stepdefinition.org.PaymentProcess.user_click_the_skip_and_continue_button_for_payment()"},"keyword":"And "},{"result":{"status":"skipped"},"line":29,"name":"navigate to payment process and enter the \"4962517813538245\" in the card number field for payment","match":{"arguments":[{"val":"\"4962517813538245\"","offset":42}],"location":"com.stepdefinition.org.PaymentProcess.navigate_to_payment_process_and_enter_the_in_the_card_number_field_for_payment(java.lang.String)"},"keyword":"And "},{"result":{"status":"skipped"},"line":30,"name":"user enter the \"Mos\" in the CardName field for payment","match":{"arguments":[{"val":"\"Mos\"","offset":15}],"location":"com.stepdefinition.org.PaymentProcess.user_enter_the_in_the_card_name_field_for_payment(java.lang.String)"},"keyword":"And "},{"result":{"duration":1002500,"status":"skipped"},"line":31,"name":"user enter the card exp \"12\" in the exp month field for payment","match":{"arguments":[{"val":"\"12\"","offset":24}],"location":"com.stepdefinition.org.PaymentProcess.user_enter_the_card_exp_in_the_exp_month_field_for_payment(java.lang.String)"},"keyword":"And "},{"result":{"status":"skipped"},"line":32,"name":"user enter the card exp \"25\" in the exp year field for payment","match":{"arguments":[{"val":"\"25\"","offset":24}],"location":"com.stepdefinition.org.PaymentProcess.user_enter_the_card_exp_in_the_exp_year_field_for_payment(java.lang.String)"},"keyword":"And "},{"result":{"status":"skipped"},"line":33,"name":"user enter the card exp \"777\" number in the exp cvv field for payment","match":{"arguments":[{"val":"\"777\"","offset":24}],"location":"com.stepdefinition.org.PaymentProcess.user_enter_the_card_exp_number_in_the_exp_cvv_field_for_payment(java.lang.String)"},"keyword":"And "},{"result":{"status":"skipped"},"line":34,"name":"user click the I have read and understood checkbox for payment","match":{"location":"com.stepdefinition.org.PaymentProcess.user_click_the_i_have_read_and_understood_checkbox_for_payment()"},"keyword":"And "},{"result":{"status":"skipped"},"line":35,"name":"user click the proceed to pay button for payment","match":{"location":"com.stepdefinition.org.PaymentProcess.user_click_the_proceed_to_pay_button_for_payment()"},"keyword":"And "},{"result":{"status":"skipped"},"line":36,"name":"user should get a propper message on webpage and click the homepage button for payment","match":{"location":"com.stepdefinition.org.PaymentProcess.user_should_get_a_propper_message_on_webpage_and_click_the_homepage_button_for_payment()"},"keyword":"Then "}]}],"name":"Verifying the booking functionality of an spicejet application","description":"","id":"verifying-the-booking-functionality-of-an-spicejet-application","keyword":"Feature","uri":"file:src/test/java/com/feature/org/spicejetfpaymentprocess.feature","tags":[]}]